{"stats":{"minecraft:crafted":{"minecraft:birch_planks":12,"minecraft:crafting_table":1,"minecraft:stick":4,"minecraft:wooden_pickaxe":1},"minecraft:custom":{"minecraft:time_since_rest":6909,"minecraft:crouch_one_cm":165,"minecraft:play_time":6909,"minecraft:sprint_one_cm":2977,"minecraft:walk_one_cm":1645,"minecraft:sneak_time":50,"minecraft:jump":15,"minecraft:leave_game":1,"minecraft:time_since_death":6909,"minecraft:total_world_time":6909,"minecraft:interact_with_crafting_table":1,"minecraft:fall_one_cm":209,"minecraft:fly_one_cm":8569},"minecraft:picked_up":{"minecraft:birch_log":3,"minecraft:dirt":1},"minecraft:used":{"minecraft:netherite_boots":1,"minecraft:netherite_leggings":1,"minecraft:crafting_table":1,"minecraft:netherite_chestplate":1,"minecraft:netherite_helmet":1},"minecraft:mined":{"minecraft:grass_block":1,"minecraft:birch_log":3,"minecraft:birch_leaves":2}},"DataVersion":3955}