{"stats":{"minecraft:mined":{"minecraft:grass_block":2,"minecraft:dirt":2,"minecraft:birch_log":3,"minecraft:birch_leaves":2},"minecraft:custom":{"minecraft:time_since_rest":8055,"minecraft:crouch_one_cm":191,"minecraft:sprint_one_cm":5571,"minecraft:play_time":8055,"minecraft:damage_taken":20,"minecraft:walk_one_cm":2269,"minecraft:sneak_time":71,"minecraft:drop":4,"minecraft:jump":26,"minecraft:leave_game":2,"minecraft:time_since_death":8055,"minecraft:total_world_time":8055,"minecraft:interact_with_crafting_table":1,"minecraft:fall_one_cm":1111,"minecraft:fly_one_cm":9101},"minecraft:used":{"minecraft:netherite_boots":1,"minecraft:dirt":1,"minecraft:netherite_leggings":1,"minecraft:crafting_table":1,"minecraft:netherite_chestplate":1,"minecraft:netherite_helmet":1},"minecraft:dropped":{"minecraft:netherite_boots":1,"minecraft:netherite_leggings":1,"minecraft:netherite_chestplate":1,"minecraft:netherite_helmet":1},"minecraft:picked_up":{"minecraft:birch_log":3,"minecraft:dirt":3},"minecraft:crafted":{"minecraft:birch_planks":12,"minecraft:crafting_table":1,"minecraft:stick":4,"minecraft:wooden_pickaxe":1}},"DataVersion":3955}